file,time,progress,flash,strong
motion-0000.png,8.55178,84,0.00000,False
motion-0001.png,8.60260,84,0.00000,False
motion-0002.png,8.72161,84,0.00000,False
motion-0003.png,8.85559,84,0.00000,False
motion-0004.png,9.00074,84,0.00000,False
motion-0005.png,9.13298,84,0.00000,False
motion-0006.png,9.26690,84,0.00000,False
motion-0007.png,9.39826,84,0.00000,False
motion-0008.png,9.52744,84,0.00000,False
motion-0009.png,9.65823,84,0.00000,False
motion-0010.png,9.78936,84,0.00000,False
motion-0011.png,9.92990,84,0.00000,False
motion-0012.png,10.06090,84,0.00000,False
motion-0013.png,10.19009,84,0.00000,False
motion-0014.png,10.33029,84,0.00000,False
motion-0015.png,10.46066,84,0.00000,False
motion-0016.png,10.59124,84,0.00000,False
motion-0017.png,10.72195,84,0.00000,False
motion-0018.png,10.85337,84,0.00000,False
motion-0019.png,10.99653,84,0.00000,False
motion-0020.png,11.13058,84,0.00000,False
motion-0021.png,11.26199,84,0.00000,False
motion-0022.png,11.39008,84,0.00000,False
motion-0023.png,11.52416,84,0.00000,False
motion-0024.png,11.65589,84,0.00000,False
motion-0025.png,11.78692,84,0.00000,False
motion-0026.png,11.91513,84,0.00000,False
motion-0027.png,12.05033,84,0.00000,False
motion-0028.png,12.18964,84,0.00000,False
motion-0029.png,12.31948,84,0.00000,False
motion-0030.png,12.45031,84,0.00000,False
motion-0031.png,12.57943,84,0.00000,False
motion-0032.png,12.70910,84,0.00000,False
motion-0033.png,12.84464,84,0.00000,False
motion-0034.png,12.97657,84,0.00000,False
motion-0035.png,13.10811,84,0.00000,False
motion-0036.png,13.25329,84,0.00000,False
motion-0037.png,13.38706,84,0.00000,False
motion-0038.png,13.51952,84,0.00000,False
motion-0039.png,17.66168,198,0.00000,False
motion-0040.png,17.70531,198,0.13020,False
motion-0041.png,17.84481,198,0.73059,False
motion-0042.png,17.98470,198,0.58241,False
motion-0043.png,18.11954,198,0.33757,False
motion-0044.png,18.26824,198,0.22967,False
motion-0045.png,18.40631,198,0.13391,False
motion-0046.png,18.54062,198,0.03477,False
motion-0047.png,18.67426,198,0.00401,False
motion-0048.png,18.81361,198,0.79282,False
motion-0049.png,18.94808,198,0.55234,False
motion-0050.png,19.09410,198,0.33584,False
motion-0051.png,19.23041,198,0.23149,False
motion-0052.png,19.37363,198,0.13918,False
motion-0053.png,19.50777,198,0.03725,False
motion-0054.png,19.65188,198,0.00367,False
motion-0055.png,19.78973,198,0.00017,False
motion-0056.png,19.92684,198,0.00000,False
motion-0057.png,20.06469,198,0.00000,False
motion-0058.png,20.20801,198,0.00000,False
motion-0059.png,20.34441,198,0.00000,False
motion-0060.png,20.48867,198,0.00000,False
motion-0061.png,20.62492,198,0.00000,False
motion-0062.png,20.76126,198,0.00000,False
motion-0063.png,20.89777,198,0.00000,False
motion-0064.png,21.03412,198,0.00000,False
motion-0065.png,21.17053,198,0.00000,False
motion-0066.png,21.31597,198,0.00000,False
motion-0067.png,21.44896,198,0.00000,False
motion-0068.png,21.58720,198,0.00000,False
motion-0069.png,21.72455,198,0.00000,False
motion-0070.png,21.85865,198,0.00000,False
motion-0071.png,22.00005,198,0.00000,False
motion-0072.png,22.14087,198,0.00000,False
motion-0073.png,22.28063,198,0.00000,False
motion-0074.png,22.42285,198,0.00000,False
motion-0075.png,22.55805,198,0.00000,False
motion-0076.png,22.70817,198,0.00000,False
motion-0077.png,22.85442,198,0.66734,True
motion-0078.png,22.99290,198,0.59404,True
motion-0079.png,23.13263,198,0.31223,True
motion-0080.png,23.27379,198,0.22940,True
motion-0081.png,23.41202,198,0.13440,True
motion-0082.png,23.55657,198,0.02966,True
motion-0083.png,23.69445,198,0.00298,True
motion-0084.png,23.84036,198,0.00010,True
motion-0085.png,23.97684,198,0.00000,True
motion-0086.png,24.11289,198,0.00000,True
motion-0087.png,24.24950,198,0.00000,True
motion-0088.png,24.38700,198,0.00000,True
motion-0089.png,24.52016,198,0.00000,True
motion-0090.png,24.66309,198,0.00000,True
motion-0091.png,24.79973,198,0.00000,True
motion-0092.png,24.93659,198,0.00000,True
motion-0093.png,25.07253,198,0.00000,True
motion-0094.png,25.20944,198,0.00000,True
motion-0095.png,25.34559,198,0.00000,True
motion-0096.png,25.49154,198,0.00000,True
motion-0097.png,25.62940,198,0.00000,True
motion-0098.png,25.77462,198,0.00000,True
motion-0099.png,25.91362,198,0.00000,True
motion-0100.png,26.05990,198,0.00000,True
motion-0101.png,26.19798,198,0.00000,True
motion-0102.png,26.33352,198,0.00000,True
motion-0103.png,26.46829,198,0.00000,True
motion-0104.png,26.61670,198,0.00000,True
motion-0105.png,30.75619,323,0.00000,False
motion-0106.png,30.79549,323,0.00000,True
motion-0107.png,30.91261,323,0.00000,True
motion-0108.png,31.04859,323,0.00000,True
motion-0109.png,31.17120,323,0.00000,True
motion-0110.png,31.30452,323,0.00000,True
motion-0111.png,31.43201,323,0.00000,True
motion-0112.png,31.55651,323,0.00000,True
motion-0113.png,31.67872,323,0.00000,True
motion-0114.png,31.80488,323,0.00000,True
motion-0115.png,31.92816,323,0.00000,True
motion-0116.png,32.05680,323,0.00000,True
motion-0117.png,32.18529,323,0.00000,True
motion-0118.png,32.31073,323,0.00000,True
motion-0119.png,32.43860,323,0.00000,True
motion-0120.png,32.56377,323,0.00000,True
motion-0121.png,32.68546,323,0.00000,True
motion-0122.png,32.81760,323,0.00000,True
motion-0123.png,32.94171,323,0.00000,True
motion-0124.png,33.06605,323,0.00000,True
motion-0125.png,33.19904,323,0.00000,True
motion-0126.png,33.33352,323,0.00000,True
motion-0127.png,33.45776,323,0.00000,True
motion-0128.png,33.58286,323,0.00000,True
motion-0129.png,33.70673,323,0.00000,True
motion-0130.png,33.83009,323,0.00000,True
motion-0131.png,33.95350,323,0.00000,True
motion-0132.png,34.07748,323,0.00000,True
motion-0133.png,34.20120,323,0.00000,True
motion-0134.png,34.34198,323,0.00000,True
motion-0135.png,34.47327,323,0.00000,True
motion-0136.png,34.59756,323,0.00000,True
motion-0137.png,34.72246,323,0.00000,True
motion-0138.png,34.84886,323,0.00000,True
motion-0139.png,34.97401,323,0.00000,True
motion-0140.png,35.09742,323,0.00000,True
motion-0141.png,35.22753,323,0.00000,True
motion-0142.png,35.35248,323,0.00000,True
motion-0143.png,35.48400,323,0.00000,True
motion-0144.png,35.60661,323,0.00000,True
motion-0145.png,35.74165,323,0.00000,True
